pizza_id,order_id,pizza_name_id,quantity,order_date,order_time,unit_price,total_price,pizza_size,pizza_category,pizza_ingredients,pizza_name
1,1,margherita_s,5,07/02/2015,16:40:30,10.0,50.0,S,Veggie,"Tomato Sauce, Mozzarella, Basil",The Margherita Pizza
2,2,veggie_supreme_l,1,19/02/2015,16:22:02,15.5,15.5,L,Veggie,"Bell Peppers, Olives, Onions, Mushrooms, Cheese",Veggie Supreme Pizza
3,3,bbq_ckn_l,4,03/01/2015,17:13:45,17.0,68.0,L,Meat,"Chicken, BBQ Sauce, Red Onions, Cheese",BBQ Chicken Pizza
4,4,classic_dlx_m,5,16/02/2015,13:07:39,16.0,80.0,M,Classic,"Pepperoni, Mushrooms, Red Onions, Red Peppers, Bacon",The Classic Deluxe Pizza
5,5,classic_dlx_m,5,23/01/2015,21:28:51,16.0,80.0,M,Classic,"Pepperoni, Mushrooms, Red Onions, Red Peppers, Bacon",The Classic Deluxe Pizza
6,6,classic_dlx_m,1,14/02/2015,18:18:28,16.0,16.0,M,Classic,"Pepperoni, Mushrooms, Red Onions, Red Peppers, Bacon",The Classic Deluxe Pizza
7,7,hawaiian_m,5,20/02/2015,22:12:00,13.25,66.25,M,Classic,"Sliced Ham, Pineapple, Mozzarella Cheese",The Hawaiian Pizza
8,8,veggie_supreme_l,5,05/01/2015,16:29:55,15.5,77.5,L,Veggie,"Bell Peppers, Olives, Onions, Mushrooms, Cheese",Veggie Supreme Pizza
9,9,classic_dlx_m,1,11/02/2015,11:57:55,16.0,16.0,M,Classic,"Pepperoni, Mushrooms, Red Onions, Red Peppers, Bacon",The Classic Deluxe Pizza
10,10,classic_dlx_m,5,01/02/2015,13:19:38,16.0,80.0,M,Classic,"Pepperoni, Mushrooms, Red Onions, Red Peppers, Bacon",The Classic Deluxe Pizza
11,11,veggie_supreme_l,4,31/01/2015,10:50:17,15.5,62.0,L,Veggie,"Bell Peppers, Olives, Onions, Mushrooms, Cheese",Veggie Supreme Pizza
12,12,veggie_supreme_l,5,21/02/2015,11:41:28,15.5,77.5,L,Veggie,"Bell Peppers, Olives, Onions, Mushrooms, Cheese",Veggie Supreme Pizza
13,13,five_cheese_l,1,18/03/2015,10:22:46,18.5,18.5,L,Veggie,"Mozzarella, Provolone, Gouda, Romano, Blue Cheese, Garlic",The Five Cheese Pizza
14,14,margherita_s,4,07/03/2015,19:31:22,10.0,40.0,S,Veggie,"Tomato Sauce, Mozzarella, Basil",The Margherita Pizza
15,15,hawaiian_m,5,23/02/2015,15:10:46,13.25,66.25,M,Classic,"Sliced Ham, Pineapple, Mozzarella Cheese",The Hawaiian Pizza
16,16,five_cheese_l,4,29/01/2015,16:31:26,18.5,74.0,L,Veggie,"Mozzarella, Provolone, Gouda, Romano, Blue Cheese, Garlic",The Five Cheese Pizza
17,17,veggie_supreme_l,4,20/01/2015,14:22:36,15.5,62.0,L,Veggie,"Bell Peppers, Olives, Onions, Mushrooms, Cheese",Veggie Supreme Pizza
18,18,five_cheese_l,5,01/03/2015,16:42:29,18.5,92.5,L,Veggie,"Mozzarella, Provolone, Gouda, Romano, Blue Cheese, Garlic",The Five Cheese Pizza
19,19,margherita_s,5,08/02/2015,20:53:39,10.0,50.0,S,Veggie,"Tomato Sauce, Mozzarella, Basil",The Margherita Pizza
20,20,five_cheese_l,1,25/02/2015,17:46:27,18.5,18.5,L,Veggie,"Mozzarella, Provolone, Gouda, Romano, Blue Cheese, Garlic",The Five Cheese Pizza
21,21,pepperoni_m,4,30/01/2015,10:34:38,14.0,56.0,M,Classic,"Pepperoni, Cheese",Pepperoni Pizza
22,22,pepperoni_m,2,25/03/2015,20:36:57,14.0,28.0,M,Classic,"Pepperoni, Cheese",Pepperoni Pizza
23,23,margherita_s,4,21/03/2015,19:46:02,10.0,40.0,S,Veggie,"Tomato Sauce, Mozzarella, Basil",The Margherita Pizza
24,24,five_cheese_l,2,11/02/2015,17:42:08,18.5,37.0,L,Veggie,"Mozzarella, Provolone, Gouda, Romano, Blue Cheese, Garlic",The Five Cheese Pizza
25,25,pepperoni_m,2,26/02/2015,10:09:03,14.0,28.0,M,Classic,"Pepperoni, Cheese",Pepperoni Pizza
26,26,classic_dlx_m,2,21/03/2015,16:56:28,16.0,32.0,M,Classic,"Pepperoni, Mushrooms, Red Onions, Red Peppers, Bacon",The Classic Deluxe Pizza
27,27,margherita_s,2,01/01/2015,14:41:23,10.0,20.0,S,Veggie,"Tomato Sauce, Mozzarella, Basil",The Margherita Pizza
28,28,five_cheese_l,4,31/03/2015,22:26:33,18.5,74.0,L,Veggie,"Mozzarella, Provolone, Gouda, Romano, Blue Cheese, Garlic",The Five Cheese Pizza
29,29,margherita_s,1,05/02/2015,13:10:07,10.0,10.0,S,Veggie,"Tomato Sauce, Mozzarella, Basil",The Margherita Pizza
30,30,five_cheese_l,1,09/03/2015,10:52:47,18.5,18.5,L,Veggie,"Mozzarella, Provolone, Gouda, Romano, Blue Cheese, Garlic",The Five Cheese Pizza
31,31,classic_dlx_m,4,03/02/2015,22:58:22,16.0,64.0,M,Classic,"Pepperoni, Mushrooms, Red Onions, Red Peppers, Bacon",The Classic Deluxe Pizza
32,32,veggie_supreme_l,4,24/03/2015,18:05:23,15.5,62.0,L,Veggie,"Bell Peppers, Olives, Onions, Mushrooms, Cheese",Veggie Supreme Pizza
33,33,classic_dlx_m,4,10/03/2015,13:31:24,16.0,64.0,M,Classic,"Pepperoni, Mushrooms, Red Onions, Red Peppers, Bacon",The Classic Deluxe Pizza
34,34,bbq_ckn_l,1,03/01/2015,15:11:15,17.0,17.0,L,Meat,"Chicken, BBQ Sauce, Red Onions, Cheese",BBQ Chicken Pizza
35,35,veggie_supreme_l,1,15/03/2015,14:46:06,15.5,15.5,L,Veggie,"Bell Peppers, Olives, Onions, Mushrooms, Cheese",Veggie Supreme Pizza
36,36,hawaiian_m,2,12/03/2015,19:26:00,13.25,26.5,M,Classic,"Sliced Ham, Pineapple, Mozzarella Cheese",The Hawaiian Pizza
37,37,pepperoni_m,2,08/03/2015,21:13:38,14.0,28.0,M,Classic,"Pepperoni, Cheese",Pepperoni Pizza
38,38,five_cheese_l,3,04/01/2015,20:14:19,18.5,55.5,L,Veggie,"Mozzarella, Provolone, Gouda, Romano, Blue Cheese, Garlic",The Five Cheese Pizza
39,39,veggie_supreme_l,3,07/01/2015,15:59:49,15.5,46.5,L,Veggie,"Bell Peppers, Olives, Onions, Mushrooms, Cheese",Veggie Supreme Pizza
40,40,hawaiian_m,5,17/03/2015,16:51:46,13.25,66.25,M,Classic,"Sliced Ham, Pineapple, Mozzarella Cheese",The Hawaiian Pizza
41,41,classic_dlx_m,1,13/02/2015,19:34:29,16.0,16.0,M,Classic,"Pepperoni, Mushrooms, Red Onions, Red Peppers, Bacon",The Classic Deluxe Pizza
42,42,veggie_supreme_l,4,06/02/2015,11:20:58,15.5,62.0,L,Veggie,"Bell Peppers, Olives, Onions, Mushrooms, Cheese",Veggie Supreme Pizza
43,43,veggie_supreme_l,4,25/03/2015,19:06:35,15.5,62.0,L,Veggie,"Bell Peppers, Olives, Onions, Mushrooms, Cheese",Veggie Supreme Pizza
44,44,classic_dlx_m,1,28/01/2015,19:17:40,16.0,16.0,M,Classic,"Pepperoni, Mushrooms, Red Onions, Red Peppers, Bacon",The Classic Deluxe Pizza
45,45,five_cheese_l,2,21/01/2015,17:53:12,18.5,37.0,L,Veggie,"Mozzarella, Provolone, Gouda, Romano, Blue Cheese, Garlic",The Five Cheese Pizza
46,46,hawaiian_m,5,17/01/2015,20:18:45,13.25,66.25,M,Classic,"Sliced Ham, Pineapple, Mozzarella Cheese",The Hawaiian Pizza
47,47,bbq_ckn_l,4,05/03/2015,11:57:32,17.0,68.0,L,Meat,"Chicken, BBQ Sauce, Red Onions, Cheese",BBQ Chicken Pizza
48,48,bbq_ckn_l,2,06/01/2015,10:07:24,17.0,34.0,L,Meat,"Chicken, BBQ Sauce, Red Onions, Cheese",BBQ Chicken Pizza
49,49,hawaiian_m,3,13/01/2015,12:33:06,13.25,39.75,M,Classic,"Sliced Ham, Pineapple, Mozzarella Cheese",The Hawaiian Pizza
50,50,hawaiian_m,5,22/02/2015,17:32:07,13.25,66.25,M,Classic,"Sliced Ham, Pineapple, Mozzarella Cheese",The Hawaiian Pizza
51,51,bbq_ckn_l,1,26/01/2015,19:00:47,17.0,17.0,L,Meat,"Chicken, BBQ Sauce, Red Onions, Cheese",BBQ Chicken Pizza
52,52,five_cheese_l,4,12/03/2015,15:21:50,18.5,74.0,L,Veggie,"Mozzarella, Provolone, Gouda, Romano, Blue Cheese, Garlic",The Five Cheese Pizza
53,53,five_cheese_l,5,22/01/2015,19:25:07,18.5,92.5,L,Veggie,"Mozzarella, Provolone, Gouda, Romano, Blue Cheese, Garlic",The Five Cheese Pizza
54,54,hawaiian_m,1,13/02/2015,21:47:46,13.25,13.25,M,Classic,"Sliced Ham, Pineapple, Mozzarella Cheese",The Hawaiian Pizza
55,55,five_cheese_l,5,03/02/2015,20:20:40,18.5,92.5,L,Veggie,"Mozzarella, Provolone, Gouda, Romano, Blue Cheese, Garlic",The Five Cheese Pizza
56,56,bbq_ckn_l,4,07/01/2015,19:10:01,17.0,68.0,L,Meat,"Chicken, BBQ Sauce, Red Onions, Cheese",BBQ Chicken Pizza
57,57,pepperoni_m,1,07/01/2015,21:09:30,14.0,14.0,M,Classic,"Pepperoni, Cheese",Pepperoni Pizza
58,58,pepperoni_m,2,01/02/2015,19:53:16,14.0,28.0,M,Classic,"Pepperoni, Cheese",Pepperoni Pizza
59,59,bbq_ckn_l,1,07/02/2015,12:57:56,17.0,17.0,L,Meat,"Chicken, BBQ Sauce, Red Onions, Cheese",BBQ Chicken Pizza
60,60,margherita_s,4,09/01/2015,12:24:59,10.0,40.0,S,Veggie,"Tomato Sauce, Mozzarella, Basil",The Margherita Pizza
61,61,veggie_supreme_l,4,18/01/2015,13:01:03,15.5,62.0,L,Veggie,"Bell Peppers, Olives, Onions, Mushrooms, Cheese",Veggie Supreme Pizza
62,62,classic_dlx_m,2,01/02/2015,10:29:54,16.0,32.0,M,Classic,"Pepperoni, Mushrooms, Red Onions, Red Peppers, Bacon",The Classic Deluxe Pizza
63,63,bbq_ckn_l,2,24/02/2015,20:55:36,17.0,34.0,L,Meat,"Chicken, BBQ Sauce, Red Onions, Cheese",BBQ Chicken Pizza
64,64,veggie_supreme_l,4,12/01/2015,22:27:21,15.5,62.0,L,Veggie,"Bell Peppers, Olives, Onions, Mushrooms, Cheese",Veggie Supreme Pizza
65,65,margherita_s,2,04/01/2015,21:32:24,10.0,20.0,S,Veggie,"Tomato Sauce, Mozzarella, Basil",The Margherita Pizza
66,66,margherita_s,5,25/02/2015,17:13:18,10.0,50.0,S,Veggie,"Tomato Sauce, Mozzarella, Basil",The Margherita Pizza
67,67,bbq_ckn_l,5,11/02/2015,10:14:44,17.0,85.0,L,Meat,"Chicken, BBQ Sauce, Red Onions, Cheese",BBQ Chicken Pizza
68,68,hawaiian_m,4,20/02/2015,18:47:09,13.25,53.0,M,Classic,"Sliced Ham, Pineapple, Mozzarella Cheese",The Hawaiian Pizza
69,69,veggie_supreme_l,2,19/02/2015,22:00:41,15.5,31.0,L,Veggie,"Bell Peppers, Olives, Onions, Mushrooms, Cheese",Veggie Supreme Pizza
70,70,bbq_ckn_l,4,03/02/2015,19:09:10,17.0,68.0,L,Meat,"Chicken, BBQ Sauce, Red Onions, Cheese",BBQ Chicken Pizza
71,71,classic_dlx_m,2,19/01/2015,15:00:11,16.0,32.0,M,Classic,"Pepperoni, Mushrooms, Red Onions, Red Peppers, Bacon",The Classic Deluxe Pizza
72,72,veggie_supreme_l,1,22/01/2015,15:22:06,15.5,15.5,L,Veggie,"Bell Peppers, Olives, Onions, Mushrooms, Cheese",Veggie Supreme Pizza
73,73,five_cheese_l,5,09/02/2015,18:59:41,18.5,92.5,L,Veggie,"Mozzarella, Provolone, Gouda, Romano, Blue Cheese, Garlic",The Five Cheese Pizza
74,74,pepperoni_m,3,09/02/2015,20:12:00,14.0,42.0,M,Classic,"Pepperoni, Cheese",Pepperoni Pizza
75,75,bbq_ckn_l,1,31/01/2015,18:50:42,17.0,17.0,L,Meat,"Chicken, BBQ Sauce, Red Onions, Cheese",BBQ Chicken Pizza
76,76,hawaiian_m,2,19/01/2015,11:54:58,13.25,26.5,M,Classic,"Sliced Ham, Pineapple, Mozzarella Cheese",The Hawaiian Pizza
77,77,five_cheese_l,3,16/01/2015,20:21:51,18.5,55.5,L,Veggie,"Mozzarella, Provolone, Gouda, Romano, Blue Cheese, Garlic",The Five Cheese Pizza
78,78,margherita_s,2,20/01/2015,19:23:46,10.0,20.0,S,Veggie,"Tomato Sauce, Mozzarella, Basil",The Margherita Pizza
79,79,margherita_s,2,11/03/2015,20:59:20,10.0,20.0,S,Veggie,"Tomato Sauce, Mozzarella, Basil",The Margherita Pizza
80,80,pepperoni_m,4,05/01/2015,13:56:22,14.0,56.0,M,Classic,"Pepperoni, Cheese",Pepperoni Pizza
81,81,classic_dlx_m,4,25/03/2015,11:04:46,16.0,64.0,M,Classic,"Pepperoni, Mushrooms, Red Onions, Red Peppers, Bacon",The Classic Deluxe Pizza
82,82,pepperoni_m,2,20/01/2015,17:18:05,14.0,28.0,M,Classic,"Pepperoni, Cheese",Pepperoni Pizza
83,83,pepperoni_m,2,01/02/2015,16:32:02,14.0,28.0,M,Classic,"Pepperoni, Cheese",Pepperoni Pizza
84,84,bbq_ckn_l,4,08/02/2015,16:52:49,17.0,68.0,L,Meat,"Chicken, BBQ Sauce, Red Onions, Cheese",BBQ Chicken Pizza
85,85,classic_dlx_m,1,02/01/2015,10:28:38,16.0,16.0,M,Classic,"Pepperoni, Mushrooms, Red Onions, Red Peppers, Bacon",The Classic Deluxe Pizza
86,86,five_cheese_l,5,03/02/2015,10:48:04,18.5,92.5,L,Veggie,"Mozzarella, Provolone, Gouda, Romano, Blue Cheese, Garlic",The Five Cheese Pizza
87,87,five_cheese_l,5,21/02/2015,14:30:09,18.5,92.5,L,Veggie,"Mozzarella, Provolone, Gouda, Romano, Blue Cheese, Garlic",The Five Cheese Pizza
88,88,bbq_ckn_l,5,14/01/2015,14:17:30,17.0,85.0,L,Meat,"Chicken, BBQ Sauce, Red Onions, Cheese",BBQ Chicken Pizza
89,89,hawaiian_m,2,17/01/2015,20:41:25,13.25,26.5,M,Classic,"Sliced Ham, Pineapple, Mozzarella Cheese",The Hawaiian Pizza
90,90,veggie_supreme_l,5,20/03/2015,18:57:21,15.5,77.5,L,Veggie,"Bell Peppers, Olives, Onions, Mushrooms, Cheese",Veggie Supreme Pizza
91,91,hawaiian_m,5,28/03/2015,14:31:52,13.25,66.25,M,Classic,"Sliced Ham, Pineapple, Mozzarella Cheese",The Hawaiian Pizza
92,92,classic_dlx_m,2,19/03/2015,22:19:36,16.0,32.0,M,Classic,"Pepperoni, Mushrooms, Red Onions, Red Peppers, Bacon",The Classic Deluxe Pizza
93,93,pepperoni_m,1,18/02/2015,22:49:46,14.0,14.0,M,Classic,"Pepperoni, Cheese",Pepperoni Pizza
94,94,veggie_supreme_l,5,30/01/2015,16:24:14,15.5,77.5,L,Veggie,"Bell Peppers, Olives, Onions, Mushrooms, Cheese",Veggie Supreme Pizza
95,95,bbq_ckn_l,5,29/01/2015,15:45:12,17.0,85.0,L,Meat,"Chicken, BBQ Sauce, Red Onions, Cheese",BBQ Chicken Pizza
96,96,classic_dlx_m,3,03/03/2015,21:54:04,16.0,48.0,M,Classic,"Pepperoni, Mushrooms, Red Onions, Red Peppers, Bacon",The Classic Deluxe Pizza
97,97,veggie_supreme_l,5,04/02/2015,12:31:18,15.5,77.5,L,Veggie,"Bell Peppers, Olives, Onions, Mushrooms, Cheese",Veggie Supreme Pizza
98,98,five_cheese_l,1,06/01/2015,13:23:51,18.5,18.5,L,Veggie,"Mozzarella, Provolone, Gouda, Romano, Blue Cheese, Garlic",The Five Cheese Pizza
99,99,pepperoni_m,1,13/01/2015,22:37:27,14.0,14.0,M,Classic,"Pepperoni, Cheese",Pepperoni Pizza
100,100,bbq_ckn_l,1,04/01/2015,18:47:28,17.0,17.0,L,Meat,"Chicken, BBQ Sauce, Red Onions, Cheese",BBQ Chicken Pizza
101,101,bbq_ckn_l,1,06/02/2015,12:29:42,17.0,17.0,L,Meat,"Chicken, BBQ Sauce, Red Onions, Cheese",BBQ Chicken Pizza
102,102,pepperoni_m,5,25/02/2015,21:07:37,14.0,70.0,M,Classic,"Pepperoni, Cheese",Pepperoni Pizza
103,103,bbq_ckn_l,3,29/01/2015,21:18:23,17.0,51.0,L,Meat,"Chicken, BBQ Sauce, Red Onions, Cheese",BBQ Chicken Pizza
104,104,margherita_s,2,27/01/2015,17:59:52,10.0,20.0,S,Veggie,"Tomato Sauce, Mozzarella, Basil",The Margherita Pizza
105,105,classic_dlx_m,5,08/02/2015,11:11:47,16.0,80.0,M,Classic,"Pepperoni, Mushrooms, Red Onions, Red Peppers, Bacon",The Classic Deluxe Pizza
106,106,margherita_s,5,13/01/2015,20:48:27,10.0,50.0,S,Veggie,"Tomato Sauce, Mozzarella, Basil",The Margherita Pizza
107,107,bbq_ckn_l,5,20/02/2015,12:46:00,17.0,85.0,L,Meat,"Chicken, BBQ Sauce, Red Onions, Cheese",BBQ Chicken Pizza
108,108,veggie_supreme_l,4,17/02/2015,19:38:54,15.5,62.0,L,Veggie,"Bell Peppers, Olives, Onions, Mushrooms, Cheese",Veggie Supreme Pizza
109,109,classic_dlx_m,4,07/02/2015,19:40:00,16.0,64.0,M,Classic,"Pepperoni, Mushrooms, Red Onions, Red Peppers, Bacon",The Classic Deluxe Pizza
110,110,pepperoni_m,5,30/01/2015,20:26:27,14.0,70.0,M,Classic,"Pepperoni, Cheese",Pepperoni Pizza
111,111,veggie_supreme_l,3,22/02/2015,11:38:40,15.5,46.5,L,Veggie,"Bell Peppers, Olives, Onions, Mushrooms, Cheese",Veggie Supreme Pizza
112,112,five_cheese_l,5,05/03/2015,13:25:00,18.5,92.5,L,Veggie,"Mozzarella, Provolone, Gouda, Romano, Blue Cheese, Garlic",The Five Cheese Pizza
113,113,pepperoni_m,3,18/03/2015,22:24:03,14.0,42.0,M,Classic,"Pepperoni, Cheese",Pepperoni Pizza
114,114,hawaiian_m,2,21/03/2015,19:42:22,13.25,26.5,M,Classic,"Sliced Ham, Pineapple, Mozzarella Cheese",The Hawaiian Pizza
115,115,pepperoni_m,5,09/01/2015,10:46:49,14.0,70.0,M,Classic,"Pepperoni, Cheese",Pepperoni Pizza
116,116,pepperoni_m,2,10/03/2015,15:42:20,14.0,28.0,M,Classic,"Pepperoni, Cheese",Pepperoni Pizza
117,117,five_cheese_l,3,15/02/2015,21:50:40,18.5,55.5,L,Veggie,"Mozzarella, Provolone, Gouda, Romano, Blue Cheese, Garlic",The Five Cheese Pizza
118,118,classic_dlx_m,3,21/01/2015,12:31:39,16.0,48.0,M,Classic,"Pepperoni, Mushrooms, Red Onions, Red Peppers, Bacon",The Classic Deluxe Pizza
119,119,bbq_ckn_l,5,19/01/2015,19:15:22,17.0,85.0,L,Meat,"Chicken, BBQ Sauce, Red Onions, Cheese",BBQ Chicken Pizza
120,120,hawaiian_m,1,19/02/2015,19:19:15,13.25,13.25,M,Classic,"Sliced Ham, Pineapple, Mozzarella Cheese",The Hawaiian Pizza
121,121,margherita_s,5,27/03/2015,19:09:27,10.0,50.0,S,Veggie,"Tomato Sauce, Mozzarella, Basil",The Margherita Pizza
122,122,classic_dlx_m,3,16/01/2015,19:01:24,16.0,48.0,M,Classic,"Pepperoni, Mushrooms, Red Onions, Red Peppers, Bacon",The Classic Deluxe Pizza
123,123,bbq_ckn_l,1,26/01/2015,12:23:12,17.0,17.0,L,Meat,"Chicken, BBQ Sauce, Red Onions, Cheese",BBQ Chicken Pizza
124,124,pepperoni_m,2,04/03/2015,12:35:54,14.0,28.0,M,Classic,"Pepperoni, Cheese",Pepperoni Pizza
125,125,veggie_supreme_l,2,01/04/2015,19:37:16,15.5,31.0,L,Veggie,"Bell Peppers, Olives, Onions, Mushrooms, Cheese",Veggie Supreme Pizza
126,126,pepperoni_m,3,24/02/2015,12:07:41,14.0,42.0,M,Classic,"Pepperoni, Cheese",Pepperoni Pizza
127,127,five_cheese_l,4,25/03/2015,15:34:45,18.5,74.0,L,Veggie,"Mozzarella, Provolone, Gouda, Romano, Blue Cheese, Garlic",The Five Cheese Pizza
128,128,hawaiian_m,3,04/01/2015,20:33:37,13.25,39.75,M,Classic,"Sliced Ham, Pineapple, Mozzarella Cheese",The Hawaiian Pizza
129,129,classic_dlx_m,1,18/01/2015,10:30:44,16.0,16.0,M,Classic,"Pepperoni, Mushrooms, Red Onions, Red Peppers, Bacon",The Classic Deluxe Pizza
130,130,pepperoni_m,3,08/03/2015,17:52:35,14.0,42.0,M,Classic,"Pepperoni, Cheese",Pepperoni Pizza
131,131,pepperoni_m,3,08/02/2015,16:10:42,14.0,42.0,M,Classic,"Pepperoni, Cheese",Pepperoni Pizza
132,132,veggie_supreme_l,4,09/03/2015,17:58:06,15.5,62.0,L,Veggie,"Bell Peppers, Olives, Onions, Mushrooms, Cheese",Veggie Supreme Pizza
133,133,classic_dlx_m,4,27/01/2015,18:32:35,16.0,64.0,M,Classic,"Pepperoni, Mushrooms, Red Onions, Red Peppers, Bacon",The Classic Deluxe Pizza
134,134,five_cheese_l,1,20/03/2015,16:01:37,18.5,18.5,L,Veggie,"Mozzarella, Provolone, Gouda, Romano, Blue Cheese, Garlic",The Five Cheese Pizza
135,135,margherita_s,1,24/02/2015,22:38:44,10.0,10.0,S,Veggie,"Tomato Sauce, Mozzarella, Basil",The Margherita Pizza
136,136,pepperoni_m,1,02/03/2015,10:00:10,14.0,14.0,M,Classic,"Pepperoni, Cheese",Pepperoni Pizza
137,137,five_cheese_l,2,15/02/2015,13:45:22,18.5,37.0,L,Veggie,"Mozzarella, Provolone, Gouda, Romano, Blue Cheese, Garlic",The Five Cheese Pizza
138,138,hawaiian_m,3,23/01/2015,15:52:20,13.25,39.75,M,Classic,"Sliced Ham, Pineapple, Mozzarella Cheese",The Hawaiian Pizza
139,139,hawaiian_m,2,04/01/2015,10:03:46,13.25,26.5,M,Classic,"Sliced Ham, Pineapple, Mozzarella Cheese",The Hawaiian Pizza
140,140,pepperoni_m,5,05/01/2015,16:57:13,14.0,70.0,M,Classic,"Pepperoni, Cheese",Pepperoni Pizza
141,141,classic_dlx_m,3,24/01/2015,15:24:05,16.0,48.0,M,Classic,"Pepperoni, Mushrooms, Red Onions, Red Peppers, Bacon",The Classic Deluxe Pizza
142,142,pepperoni_m,4,10/02/2015,14:51:00,14.0,56.0,M,Classic,"Pepperoni, Cheese",Pepperoni Pizza
143,143,margherita_s,4,04/03/2015,17:00:58,10.0,40.0,S,Veggie,"Tomato Sauce, Mozzarella, Basil",The Margherita Pizza
144,144,classic_dlx_m,2,12/03/2015,10:08:10,16.0,32.0,M,Classic,"Pepperoni, Mushrooms, Red Onions, Red Peppers, Bacon",The Classic Deluxe Pizza
145,145,classic_dlx_m,2,16/03/2015,12:27:06,16.0,32.0,M,Classic,"Pepperoni, Mushrooms, Red Onions, Red Peppers, Bacon",The Classic Deluxe Pizza
146,146,bbq_ckn_l,4,01/02/2015,20:31:51,17.0,68.0,L,Meat,"Chicken, BBQ Sauce, Red Onions, Cheese",BBQ Chicken Pizza
147,147,classic_dlx_m,2,25/03/2015,18:41:09,16.0,32.0,M,Classic,"Pepperoni, Mushrooms, Red Onions, Red Peppers, Bacon",The Classic Deluxe Pizza
148,148,bbq_ckn_l,5,09/02/2015,22:12:50,17.0,85.0,L,Meat,"Chicken, BBQ Sauce, Red Onions, Cheese",BBQ Chicken Pizza
149,149,veggie_supreme_l,3,22/02/2015,13:37:30,15.5,46.5,L,Veggie,"Bell Peppers, Olives, Onions, Mushrooms, Cheese",Veggie Supreme Pizza
150,150,hawaiian_m,3,31/01/2015,11:52:50,13.25,39.75,M,Classic,"Sliced Ham, Pineapple, Mozzarella Cheese",The Hawaiian Pizza
151,151,classic_dlx_m,3,08/02/2015,17:34:26,16.0,48.0,M,Classic,"Pepperoni, Mushrooms, Red Onions, Red Peppers, Bacon",The Classic Deluxe Pizza
152,152,veggie_supreme_l,1,08/02/2015,20:29:38,15.5,15.5,L,Veggie,"Bell Peppers, Olives, Onions, Mushrooms, Cheese",Veggie Supreme Pizza
153,153,bbq_ckn_l,2,07/03/2015,18:45:17,17.0,34.0,L,Meat,"Chicken, BBQ Sauce, Red Onions, Cheese",BBQ Chicken Pizza
154,154,veggie_supreme_l,1,15/01/2015,18:14:21,15.5,15.5,L,Veggie,"Bell Peppers, Olives, Onions, Mushrooms, Cheese",Veggie Supreme Pizza
155,155,classic_dlx_m,3,01/01/2015,12:56:22,16.0,48.0,M,Classic,"Pepperoni, Mushrooms, Red Onions, Red Peppers, Bacon",The Classic Deluxe Pizza
156,156,margherita_s,3,21/01/2015,18:51:47,10.0,30.0,S,Veggie,"Tomato Sauce, Mozzarella, Basil",The Margherita Pizza
157,157,veggie_supreme_l,2,10/01/2015,12:33:16,15.5,31.0,L,Veggie,"Bell Peppers, Olives, Onions, Mushrooms, Cheese",Veggie Supreme Pizza
158,158,five_cheese_l,2,10/02/2015,20:32:28,18.5,37.0,L,Veggie,"Mozzarella, Provolone, Gouda, Romano, Blue Cheese, Garlic",The Five Cheese Pizza
159,159,classic_dlx_m,3,17/01/2015,14:34:19,16.0,48.0,M,Classic,"Pepperoni, Mushrooms, Red Onions, Red Peppers, Bacon",The Classic Deluxe Pizza
160,160,veggie_supreme_l,4,09/02/2015,22:29:35,15.5,62.0,L,Veggie,"Bell Peppers, Olives, Onions, Mushrooms, Cheese",Veggie Supreme Pizza
161,161,veggie_supreme_l,5,21/03/2015,15:06:42,15.5,77.5,L,Veggie,"Bell Peppers, Olives, Onions, Mushrooms, Cheese",Veggie Supreme Pizza
162,162,classic_dlx_m,1,27/02/2015,19:54:59,16.0,16.0,M,Classic,"Pepperoni, Mushrooms, Red Onions, Red Peppers, Bacon",The Classic Deluxe Pizza
163,163,pepperoni_m,1,28/03/2015,14:48:17,14.0,14.0,M,Classic,"Pepperoni, Cheese",Pepperoni Pizza
164,164,margherita_s,3,01/01/2015,19:01:58,10.0,30.0,S,Veggie,"Tomato Sauce, Mozzarella, Basil",The Margherita Pizza
165,165,pepperoni_m,2,13/02/2015,11:42:45,14.0,28.0,M,Classic,"Pepperoni, Cheese",Pepperoni Pizza
166,166,classic_dlx_m,4,18/02/2015,14:50:57,16.0,64.0,M,Classic,"Pepperoni, Mushrooms, Red Onions, Red Peppers, Bacon",The Classic Deluxe Pizza
167,167,hawaiian_m,4,21/03/2015,10:41:07,13.25,53.0,M,Classic,"Sliced Ham, Pineapple, Mozzarella Cheese",The Hawaiian Pizza
168,168,pepperoni_m,1,28/03/2015,18:14:48,14.0,14.0,M,Classic,"Pepperoni, Cheese",Pepperoni Pizza
169,169,hawaiian_m,1,03/01/2015,18:06:15,13.25,13.25,M,Classic,"Sliced Ham, Pineapple, Mozzarella Cheese",The Hawaiian Pizza
170,170,hawaiian_m,3,22/01/2015,15:18:11,13.25,39.75,M,Classic,"Sliced Ham, Pineapple, Mozzarella Cheese",The Hawaiian Pizza
171,171,hawaiian_m,3,21/02/2015,18:59:37,13.25,39.75,M,Classic,"Sliced Ham, Pineapple, Mozzarella Cheese",The Hawaiian Pizza
172,172,veggie_supreme_l,3,27/02/2015,18:40:23,15.5,46.5,L,Veggie,"Bell Peppers, Olives, Onions, Mushrooms, Cheese",Veggie Supreme Pizza
173,173,classic_dlx_m,2,11/03/2015,17:25:47,16.0,32.0,M,Classic,"Pepperoni, Mushrooms, Red Onions, Red Peppers, Bacon",The Classic Deluxe Pizza
174,174,classic_dlx_m,3,13/02/2015,10:40:19,16.0,48.0,M,Classic,"Pepperoni, Mushrooms, Red Onions, Red Peppers, Bacon",The Classic Deluxe Pizza
175,175,classic_dlx_m,5,06/03/2015,14:36:38,16.0,80.0,M,Classic,"Pepperoni, Mushrooms, Red Onions, Red Peppers, Bacon",The Classic Deluxe Pizza
176,176,veggie_supreme_l,4,17/01/2015,17:55:21,15.5,62.0,L,Veggie,"Bell Peppers, Olives, Onions, Mushrooms, Cheese",Veggie Supreme Pizza
177,177,classic_dlx_m,5,24/03/2015,20:23:19,16.0,80.0,M,Classic,"Pepperoni, Mushrooms, Red Onions, Red Peppers, Bacon",The Classic Deluxe Pizza
178,178,classic_dlx_m,3,14/01/2015,10:56:05,16.0,48.0,M,Classic,"Pepperoni, Mushrooms, Red Onions, Red Peppers, Bacon",The Classic Deluxe Pizza
179,179,margherita_s,5,05/02/2015,17:17:38,10.0,50.0,S,Veggie,"Tomato Sauce, Mozzarella, Basil",The Margherita Pizza
180,180,bbq_ckn_l,1,23/01/2015,14:05:02,17.0,17.0,L,Meat,"Chicken, BBQ Sauce, Red Onions, Cheese",BBQ Chicken Pizza
181,181,margherita_s,2,08/02/2015,15:39:31,10.0,20.0,S,Veggie,"Tomato Sauce, Mozzarella, Basil",The Margherita Pizza
182,182,hawaiian_m,1,27/01/2015,14:43:55,13.25,13.25,M,Classic,"Sliced Ham, Pineapple, Mozzarella Cheese",The Hawaiian Pizza
183,183,five_cheese_l,3,01/04/2015,10:13:20,18.5,55.5,L,Veggie,"Mozzarella, Provolone, Gouda, Romano, Blue Cheese, Garlic",The Five Cheese Pizza
184,184,veggie_supreme_l,2,06/02/2015,11:03:24,15.5,31.0,L,Veggie,"Bell Peppers, Olives, Onions, Mushrooms, Cheese",Veggie Supreme Pizza
185,185,pepperoni_m,4,25/03/2015,20:01:47,14.0,56.0,M,Classic,"Pepperoni, Cheese",Pepperoni Pizza
186,186,veggie_supreme_l,4,13/03/2015,12:18:25,15.5,62.0,L,Veggie,"Bell Peppers, Olives, Onions, Mushrooms, Cheese",Veggie Supreme Pizza
187,187,veggie_supreme_l,4,08/01/2015,21:23:40,15.5,62.0,L,Veggie,"Bell Peppers, Olives, Onions, Mushrooms, Cheese",Veggie Supreme Pizza
188,188,veggie_supreme_l,3,22/02/2015,21:31:20,15.5,46.5,L,Veggie,"Bell Peppers, Olives, Onions, Mushrooms, Cheese",Veggie Supreme Pizza
189,189,five_cheese_l,2,23/02/2015,16:56:48,18.5,37.0,L,Veggie,"Mozzarella, Provolone, Gouda, Romano, Blue Cheese, Garlic",The Five Cheese Pizza
190,190,hawaiian_m,1,05/01/2015,17:25:11,13.25,13.25,M,Classic,"Sliced Ham, Pineapple, Mozzarella Cheese",The Hawaiian Pizza
191,191,bbq_ckn_l,2,28/02/2015,18:59:42,17.0,34.0,L,Meat,"Chicken, BBQ Sauce, Red Onions, Cheese",BBQ Chicken Pizza
192,192,five_cheese_l,2,03/02/2015,16:41:52,18.5,37.0,L,Veggie,"Mozzarella, Provolone, Gouda, Romano, Blue Cheese, Garlic",The Five Cheese Pizza
193,193,bbq_ckn_l,3,14/02/2015,12:59:42,17.0,51.0,L,Meat,"Chicken, BBQ Sauce, Red Onions, Cheese",BBQ Chicken Pizza
194,194,hawaiian_m,4,15/03/2015,19:09:04,13.25,53.0,M,Classic,"Sliced Ham, Pineapple, Mozzarella Cheese",The Hawaiian Pizza
195,195,classic_dlx_m,1,16/03/2015,16:40:20,16.0,16.0,M,Classic,"Pepperoni, Mushrooms, Red Onions, Red Peppers, Bacon",The Classic Deluxe Pizza
196,196,veggie_supreme_l,1,15/03/2015,12:40:08,15.5,15.5,L,Veggie,"Bell Peppers, Olives, Onions, Mushrooms, Cheese",Veggie Supreme Pizza
197,197,classic_dlx_m,5,20/01/2015,19:15:12,16.0,80.0,M,Classic,"Pepperoni, Mushrooms, Red Onions, Red Peppers, Bacon",The Classic Deluxe Pizza
198,198,bbq_ckn_l,4,17/02/2015,19:56:08,17.0,68.0,L,Meat,"Chicken, BBQ Sauce, Red Onions, Cheese",BBQ Chicken Pizza
199,199,five_cheese_l,4,31/03/2015,21:56:02,18.5,74.0,L,Veggie,"Mozzarella, Provolone, Gouda, Romano, Blue Cheese, Garlic",The Five Cheese Pizza
200,200,bbq_ckn_l,4,31/01/2015,20:09:47,17.0,68.0,L,Meat,"Chicken, BBQ Sauce, Red Onions, Cheese",BBQ Chicken Pizza
201,201,classic_dlx_m,4,24/02/2015,10:32:45,16.0,64.0,M,Classic,"Pepperoni, Mushrooms, Red Onions, Red Peppers, Bacon",The Classic Deluxe Pizza
202,202,veggie_supreme_l,2,12/03/2015,10:31:40,15.5,31.0,L,Veggie,"Bell Peppers, Olives, Onions, Mushrooms, Cheese",Veggie Supreme Pizza
203,203,margherita_s,1,12/03/2015,19:14:57,10.0,10.0,S,Veggie,"Tomato Sauce, Mozzarella, Basil",The Margherita Pizza
204,204,pepperoni_m,2,16/03/2015,10:18:20,14.0,28.0,M,Classic,"Pepperoni, Cheese",Pepperoni Pizza
205,205,margherita_s,4,03/01/2015,17:31:50,10.0,40.0,S,Veggie,"Tomato Sauce, Mozzarella, Basil",The Margherita Pizza
206,206,classic_dlx_m,5,06/03/2015,16:35:08,16.0,80.0,M,Classic,"Pepperoni, Mushrooms, Red Onions, Red Peppers, Bacon",The Classic Deluxe Pizza
207,207,classic_dlx_m,5,13/01/2015,17:30:22,16.0,80.0,M,Classic,"Pepperoni, Mushrooms, Red Onions, Red Peppers, Bacon",The Classic Deluxe Pizza
208,208,hawaiian_m,1,03/03/2015,11:40:47,13.25,13.25,M,Classic,"Sliced Ham, Pineapple, Mozzarella Cheese",The Hawaiian Pizza
209,209,pepperoni_m,3,21/03/2015,18:08:49,14.0,42.0,M,Classic,"Pepperoni, Cheese",Pepperoni Pizza
210,210,margherita_s,1,04/03/2015,19:55:11,10.0,10.0,S,Veggie,"Tomato Sauce, Mozzarella, Basil",The Margherita Pizza
211,211,classic_dlx_m,2,20/01/2015,13:54:17,16.0,32.0,M,Classic,"Pepperoni, Mushrooms, Red Onions, Red Peppers, Bacon",The Classic Deluxe Pizza
212,212,bbq_ckn_l,5,27/02/2015,16:22:10,17.0,85.0,L,Meat,"Chicken, BBQ Sauce, Red Onions, Cheese",BBQ Chicken Pizza
213,213,five_cheese_l,2,12/02/2015,11:07:16,18.5,37.0,L,Veggie,"Mozzarella, Provolone, Gouda, Romano, Blue Cheese, Garlic",The Five Cheese Pizza
214,214,bbq_ckn_l,5,20/01/2015,15:58:12,17.0,85.0,L,Meat,"Chicken, BBQ Sauce, Red Onions, Cheese",BBQ Chicken Pizza
215,215,hawaiian_m,5,05/02/2015,21:42:51,13.25,66.25,M,Classic,"Sliced Ham, Pineapple, Mozzarella Cheese",The Hawaiian Pizza
216,216,veggie_supreme_l,3,24/03/2015,11:32:33,15.5,46.5,L,Veggie,"Bell Peppers, Olives, Onions, Mushrooms, Cheese",Veggie Supreme Pizza
217,217,bbq_ckn_l,3,31/03/2015,13:32:54,17.0,51.0,L,Meat,"Chicken, BBQ Sauce, Red Onions, Cheese",BBQ Chicken Pizza
218,218,hawaiian_m,3,12/02/2015,10:52:37,13.25,39.75,M,Classic,"Sliced Ham, Pineapple, Mozzarella Cheese",The Hawaiian Pizza
219,219,margherita_s,3,15/03/2015,15:48:30,10.0,30.0,S,Veggie,"Tomato Sauce, Mozzarella, Basil",The Margherita Pizza
220,220,pepperoni_m,2,19/02/2015,21:44:41,14.0,28.0,M,Classic,"Pepperoni, Cheese",Pepperoni Pizza
221,221,veggie_supreme_l,5,26/02/2015,20:48:02,15.5,77.5,L,Veggie,"Bell Peppers, Olives, Onions, Mushrooms, Cheese",Veggie Supreme Pizza
222,222,margherita_s,4,25/02/2015,17:45:43,10.0,40.0,S,Veggie,"Tomato Sauce, Mozzarella, Basil",The Margherita Pizza
223,223,five_cheese_l,1,04/03/2015,14:46:43,18.5,18.5,L,Veggie,"Mozzarella, Provolone, Gouda, Romano, Blue Cheese, Garlic",The Five Cheese Pizza
224,224,margherita_s,1,25/02/2015,15:06:13,10.0,10.0,S,Veggie,"Tomato Sauce, Mozzarella, Basil",The Margherita Pizza
225,225,margherita_s,5,03/03/2015,20:54:21,10.0,50.0,S,Veggie,"Tomato Sauce, Mozzarella, Basil",The Margherita Pizza
226,226,classic_dlx_m,5,04/01/2015,20:11:05,16.0,80.0,M,Classic,"Pepperoni, Mushrooms, Red Onions, Red Peppers, Bacon",The Classic Deluxe Pizza
227,227,five_cheese_l,2,15/01/2015,16:07:23,18.5,37.0,L,Veggie,"Mozzarella, Provolone, Gouda, Romano, Blue Cheese, Garlic",The Five Cheese Pizza
228,228,margherita_s,5,15/03/2015,12:55:37,10.0,50.0,S,Veggie,"Tomato Sauce, Mozzarella, Basil",The Margherita Pizza
229,229,pepperoni_m,1,14/02/2015,13:59:27,14.0,14.0,M,Classic,"Pepperoni, Cheese",Pepperoni Pizza
230,230,veggie_supreme_l,2,26/03/2015,13:05:44,15.5,31.0,L,Veggie,"Bell Peppers, Olives, Onions, Mushrooms, Cheese",Veggie Supreme Pizza
231,231,pepperoni_m,3,08/03/2015,15:34:32,14.0,42.0,M,Classic,"Pepperoni, Cheese",Pepperoni Pizza
232,232,bbq_ckn_l,3,09/02/2015,14:24:11,17.0,51.0,L,Meat,"Chicken, BBQ Sauce, Red Onions, Cheese",BBQ Chicken Pizza
233,233,veggie_supreme_l,3,25/02/2015,14:46:34,15.5,46.5,L,Veggie,"Bell Peppers, Olives, Onions, Mushrooms, Cheese",Veggie Supreme Pizza
234,234,veggie_supreme_l,3,22/03/2015,21:28:48,15.5,46.5,L,Veggie,"Bell Peppers, Olives, Onions, Mushrooms, Cheese",Veggie Supreme Pizza
235,235,margherita_s,5,24/02/2015,11:27:19,10.0,50.0,S,Veggie,"Tomato Sauce, Mozzarella, Basil",The Margherita Pizza
236,236,pepperoni_m,2,20/03/2015,16:57:31,14.0,28.0,M,Classic,"Pepperoni, Cheese",Pepperoni Pizza
237,237,hawaiian_m,2,12/03/2015,21:37:34,13.25,26.5,M,Classic,"Sliced Ham, Pineapple, Mozzarella Cheese",The Hawaiian Pizza
238,238,pepperoni_m,1,21/02/2015,19:27:11,14.0,14.0,M,Classic,"Pepperoni, Cheese",Pepperoni Pizza
239,239,veggie_supreme_l,4,15/01/2015,17:40:38,15.5,62.0,L,Veggie,"Bell Peppers, Olives, Onions, Mushrooms, Cheese",Veggie Supreme Pizza
240,240,margherita_s,1,01/03/2015,14:23:37,10.0,10.0,S,Veggie,"Tomato Sauce, Mozzarella, Basil",The Margherita Pizza
241,241,five_cheese_l,5,01/03/2015,18:30:21,18.5,92.5,L,Veggie,"Mozzarella, Provolone, Gouda, Romano, Blue Cheese, Garlic",The Five Cheese Pizza
242,242,five_cheese_l,5,26/02/2015,22:36:15,18.5,92.5,L,Veggie,"Mozzarella, Provolone, Gouda, Romano, Blue Cheese, Garlic",The Five Cheese Pizza
243,243,five_cheese_l,2,06/03/2015,21:44:55,18.5,37.0,L,Veggie,"Mozzarella, Provolone, Gouda, Romano, Blue Cheese, Garlic",The Five Cheese Pizza
244,244,bbq_ckn_l,1,20/03/2015,17:52:28,17.0,17.0,L,Meat,"Chicken, BBQ Sauce, Red Onions, Cheese",BBQ Chicken Pizza
245,245,pepperoni_m,3,28/02/2015,14:56:33,14.0,42.0,M,Classic,"Pepperoni, Cheese",Pepperoni Pizza
246,246,bbq_ckn_l,2,31/01/2015,17:57:07,17.0,34.0,L,Meat,"Chicken, BBQ Sauce, Red Onions, Cheese",BBQ Chicken Pizza
247,247,pepperoni_m,4,22/02/2015,14:35:49,14.0,56.0,M,Classic,"Pepperoni, Cheese",Pepperoni Pizza
248,248,classic_dlx_m,5,16/03/2015,14:46:11,16.0,80.0,M,Classic,"Pepperoni, Mushrooms, Red Onions, Red Peppers, Bacon",The Classic Deluxe Pizza
249,249,bbq_ckn_l,1,08/03/2015,11:37:02,17.0,17.0,L,Meat,"Chicken, BBQ Sauce, Red Onions, Cheese",BBQ Chicken Pizza
250,250,classic_dlx_m,2,02/03/2015,19:02:34,16.0,32.0,M,Classic,"Pepperoni, Mushrooms, Red Onions, Red Peppers, Bacon",The Classic Deluxe Pizza
251,251,hawaiian_m,2,06/02/2015,13:53:12,13.25,26.5,M,Classic,"Sliced Ham, Pineapple, Mozzarella Cheese",The Hawaiian Pizza
252,252,hawaiian_m,1,17/02/2015,21:19:44,13.25,13.25,M,Classic,"Sliced Ham, Pineapple, Mozzarella Cheese",The Hawaiian Pizza
253,253,margherita_s,3,30/03/2015,13:24:10,10.0,30.0,S,Veggie,"Tomato Sauce, Mozzarella, Basil",The Margherita Pizza
254,254,hawaiian_m,1,12/01/2015,22:40:52,13.25,13.25,M,Classic,"Sliced Ham, Pineapple, Mozzarella Cheese",The Hawaiian Pizza
255,255,bbq_ckn_l,3,31/01/2015,17:51:01,17.0,51.0,L,Meat,"Chicken, BBQ Sauce, Red Onions, Cheese",BBQ Chicken Pizza
256,256,five_cheese_l,1,24/03/2015,19:02:44,18.5,18.5,L,Veggie,"Mozzarella, Provolone, Gouda, Romano, Blue Cheese, Garlic",The Five Cheese Pizza
257,257,margherita_s,1,18/01/2015,19:32:03,10.0,10.0,S,Veggie,"Tomato Sauce, Mozzarella, Basil",The Margherita Pizza
258,258,veggie_supreme_l,2,21/01/2015,20:42:39,15.5,31.0,L,Veggie,"Bell Peppers, Olives, Onions, Mushrooms, Cheese",Veggie Supreme Pizza
259,259,margherita_s,4,28/01/2015,11:10:01,10.0,40.0,S,Veggie,"Tomato Sauce, Mozzarella, Basil",The Margherita Pizza
260,260,hawaiian_m,1,31/01/2015,12:34:23,13.25,13.25,M,Classic,"Sliced Ham, Pineapple, Mozzarella Cheese",The Hawaiian Pizza
261,261,five_cheese_l,5,04/03/2015,15:17:04,18.5,92.5,L,Veggie,"Mozzarella, Provolone, Gouda, Romano, Blue Cheese, Garlic",The Five Cheese Pizza
262,262,hawaiian_m,2,23/01/2015,18:41:14,13.25,26.5,M,Classic,"Sliced Ham, Pineapple, Mozzarella Cheese",The Hawaiian Pizza
263,263,hawaiian_m,1,06/03/2015,14:07:43,13.25,13.25,M,Classic,"Sliced Ham, Pineapple, Mozzarella Cheese",The Hawaiian Pizza
264,264,margherita_s,4,19/02/2015,11:30:31,10.0,40.0,S,Veggie,"Tomato Sauce, Mozzarella, Basil",The Margherita Pizza
265,265,bbq_ckn_l,4,14/01/2015,17:45:48,17.0,68.0,L,Meat,"Chicken, BBQ Sauce, Red Onions, Cheese",BBQ Chicken Pizza
266,266,veggie_supreme_l,1,01/01/2015,18:28:53,15.5,15.5,L,Veggie,"Bell Peppers, Olives, Onions, Mushrooms, Cheese",Veggie Supreme Pizza
267,267,margherita_s,1,02/01/2015,13:52:28,10.0,10.0,S,Veggie,"Tomato Sauce, Mozzarella, Basil",The Margherita Pizza
268,268,pepperoni_m,1,22/03/2015,15:16:04,14.0,14.0,M,Classic,"Pepperoni, Cheese",Pepperoni Pizza
269,269,hawaiian_m,5,05/03/2015,16:19:22,13.25,66.25,M,Classic,"Sliced Ham, Pineapple, Mozzarella Cheese",The Hawaiian Pizza
270,270,hawaiian_m,1,09/02/2015,19:41:52,13.25,13.25,M,Classic,"Sliced Ham, Pineapple, Mozzarella Cheese",The Hawaiian Pizza
271,271,veggie_supreme_l,5,11/03/2015,14:28:33,15.5,77.5,L,Veggie,"Bell Peppers, Olives, Onions, Mushrooms, Cheese",Veggie Supreme Pizza
272,272,five_cheese_l,3,10/02/2015,21:26:16,18.5,55.5,L,Veggie,"Mozzarella, Provolone, Gouda, Romano, Blue Cheese, Garlic",The Five Cheese Pizza
273,273,bbq_ckn_l,1,20/03/2015,13:24:49,17.0,17.0,L,Meat,"Chicken, BBQ Sauce, Red Onions, Cheese",BBQ Chicken Pizza
274,274,five_cheese_l,4,24/02/2015,19:16:32,18.5,74.0,L,Veggie,"Mozzarella, Provolone, Gouda, Romano, Blue Cheese, Garlic",The Five Cheese Pizza
275,275,bbq_ckn_l,5,09/03/2015,15:12:27,17.0,85.0,L,Meat,"Chicken, BBQ Sauce, Red Onions, Cheese",BBQ Chicken Pizza
276,276,margherita_s,1,23/01/2015,10:22:36,10.0,10.0,S,Veggie,"Tomato Sauce, Mozzarella, Basil",The Margherita Pizza
277,277,margherita_s,3,30/03/2015,18:18:30,10.0,30.0,S,Veggie,"Tomato Sauce, Mozzarella, Basil",The Margherita Pizza
278,278,five_cheese_l,3,09/03/2015,21:56:03,18.5,55.5,L,Veggie,"Mozzarella, Provolone, Gouda, Romano, Blue Cheese, Garlic",The Five Cheese Pizza
279,279,veggie_supreme_l,1,12/03/2015,13:40:06,15.5,15.5,L,Veggie,"Bell Peppers, Olives, Onions, Mushrooms, Cheese",Veggie Supreme Pizza
280,280,five_cheese_l,4,16/02/2015,12:08:04,18.5,74.0,L,Veggie,"Mozzarella, Provolone, Gouda, Romano, Blue Cheese, Garlic",The Five Cheese Pizza
281,281,bbq_ckn_l,5,11/02/2015,10:43:03,17.0,85.0,L,Meat,"Chicken, BBQ Sauce, Red Onions, Cheese",BBQ Chicken Pizza
282,282,margherita_s,4,19/01/2015,17:02:28,10.0,40.0,S,Veggie,"Tomato Sauce, Mozzarella, Basil",The Margherita Pizza
283,283,veggie_supreme_l,3,08/03/2015,15:55:53,15.5,46.5,L,Veggie,"Bell Peppers, Olives, Onions, Mushrooms, Cheese",Veggie Supreme Pizza
284,284,margherita_s,3,08/02/2015,20:37:03,10.0,30.0,S,Veggie,"Tomato Sauce, Mozzarella, Basil",The Margherita Pizza
285,285,five_cheese_l,2,02/03/2015,16:51:37,18.5,37.0,L,Veggie,"Mozzarella, Provolone, Gouda, Romano, Blue Cheese, Garlic",The Five Cheese Pizza
286,286,bbq_ckn_l,2,02/01/2015,12:13:54,17.0,34.0,L,Meat,"Chicken, BBQ Sauce, Red Onions, Cheese",BBQ Chicken Pizza
287,287,classic_dlx_m,5,05/03/2015,19:39:16,16.0,80.0,M,Classic,"Pepperoni, Mushrooms, Red Onions, Red Peppers, Bacon",The Classic Deluxe Pizza
288,288,hawaiian_m,4,22/01/2015,14:02:21,13.25,53.0,M,Classic,"Sliced Ham, Pineapple, Mozzarella Cheese",The Hawaiian Pizza
289,289,classic_dlx_m,4,15/03/2015,10:02:51,16.0,64.0,M,Classic,"Pepperoni, Mushrooms, Red Onions, Red Peppers, Bacon",The Classic Deluxe Pizza
290,290,bbq_ckn_l,1,16/01/2015,12:39:31,17.0,17.0,L,Meat,"Chicken, BBQ Sauce, Red Onions, Cheese",BBQ Chicken Pizza
291,291,veggie_supreme_l,4,25/02/2015,18:50:45,15.5,62.0,L,Veggie,"Bell Peppers, Olives, Onions, Mushrooms, Cheese",Veggie Supreme Pizza
292,292,classic_dlx_m,2,14/02/2015,12:27:29,16.0,32.0,M,Classic,"Pepperoni, Mushrooms, Red Onions, Red Peppers, Bacon",The Classic Deluxe Pizza
293,293,margherita_s,5,02/03/2015,21:50:49,10.0,50.0,S,Veggie,"Tomato Sauce, Mozzarella, Basil",The Margherita Pizza
294,294,five_cheese_l,2,21/03/2015,13:00:57,18.5,37.0,L,Veggie,"Mozzarella, Provolone, Gouda, Romano, Blue Cheese, Garlic",The Five Cheese Pizza
295,295,classic_dlx_m,1,06/01/2015,13:31:29,16.0,16.0,M,Classic,"Pepperoni, Mushrooms, Red Onions, Red Peppers, Bacon",The Classic Deluxe Pizza
296,296,classic_dlx_m,5,30/03/2015,11:57:57,16.0,80.0,M,Classic,"Pepperoni, Mushrooms, Red Onions, Red Peppers, Bacon",The Classic Deluxe Pizza
297,297,pepperoni_m,3,07/02/2015,20:27:34,14.0,42.0,M,Classic,"Pepperoni, Cheese",Pepperoni Pizza
298,298,classic_dlx_m,2,10/02/2015,13:58:08,16.0,32.0,M,Classic,"Pepperoni, Mushrooms, Red Onions, Red Peppers, Bacon",The Classic Deluxe Pizza
299,299,veggie_supreme_l,5,06/01/2015,17:38:56,15.5,77.5,L,Veggie,"Bell Peppers, Olives, Onions, Mushrooms, Cheese",Veggie Supreme Pizza
300,300,bbq_ckn_l,2,22/03/2015,21:34:22,17.0,34.0,L,Meat,"Chicken, BBQ Sauce, Red Onions, Cheese",BBQ Chicken Pizza
301,301,classic_dlx_m,2,10/02/2015,10:45:20,16.0,32.0,M,Classic,"Pepperoni, Mushrooms, Red Onions, Red Peppers, Bacon",The Classic Deluxe Pizza
302,302,classic_dlx_m,4,15/02/2015,10:30:22,16.0,64.0,M,Classic,"Pepperoni, Mushrooms, Red Onions, Red Peppers, Bacon",The Classic Deluxe Pizza
303,303,margherita_s,2,17/02/2015,11:53:08,10.0,20.0,S,Veggie,"Tomato Sauce, Mozzarella, Basil",The Margherita Pizza
304,304,margherita_s,1,30/01/2015,18:13:02,10.0,10.0,S,Veggie,"Tomato Sauce, Mozzarella, Basil",The Margherita Pizza
305,305,hawaiian_m,1,17/03/2015,14:16:01,13.25,13.25,M,Classic,"Sliced Ham, Pineapple, Mozzarella Cheese",The Hawaiian Pizza
306,306,pepperoni_m,1,04/01/2015,15:21:18,14.0,14.0,M,Classic,"Pepperoni, Cheese",Pepperoni Pizza
307,307,bbq_ckn_l,1,08/02/2015,13:55:07,17.0,17.0,L,Meat,"Chicken, BBQ Sauce, Red Onions, Cheese",BBQ Chicken Pizza
308,308,veggie_supreme_l,4,26/03/2015,20:40:32,15.5,62.0,L,Veggie,"Bell Peppers, Olives, Onions, Mushrooms, Cheese",Veggie Supreme Pizza
309,309,pepperoni_m,2,11/02/2015,21:22:07,14.0,28.0,M,Classic,"Pepperoni, Cheese",Pepperoni Pizza
310,310,veggie_supreme_l,3,03/01/2015,18:37:22,15.5,46.5,L,Veggie,"Bell Peppers, Olives, Onions, Mushrooms, Cheese",Veggie Supreme Pizza
311,311,margherita_s,2,01/03/2015,11:38:23,10.0,20.0,S,Veggie,"Tomato Sauce, Mozzarella, Basil",The Margherita Pizza
312,312,classic_dlx_m,3,22/01/2015,18:32:29,16.0,48.0,M,Classic,"Pepperoni, Mushrooms, Red Onions, Red Peppers, Bacon",The Classic Deluxe Pizza
313,313,five_cheese_l,3,09/01/2015,14:30:42,18.5,55.5,L,Veggie,"Mozzarella, Provolone, Gouda, Romano, Blue Cheese, Garlic",The Five Cheese Pizza
314,314,veggie_supreme_l,1,18/01/2015,17:43:42,15.5,15.5,L,Veggie,"Bell Peppers, Olives, Onions, Mushrooms, Cheese",Veggie Supreme Pizza
315,315,hawaiian_m,2,15/01/2015,12:18:03,13.25,26.5,M,Classic,"Sliced Ham, Pineapple, Mozzarella Cheese",The Hawaiian Pizza
316,316,hawaiian_m,2,10/03/2015,22:01:49,13.25,26.5,M,Classic,"Sliced Ham, Pineapple, Mozzarella Cheese",The Hawaiian Pizza
317,317,five_cheese_l,5,31/03/2015,17:50:35,18.5,92.5,L,Veggie,"Mozzarella, Provolone, Gouda, Romano, Blue Cheese, Garlic",The Five Cheese Pizza
318,318,veggie_supreme_l,4,27/03/2015,11:13:01,15.5,62.0,L,Veggie,"Bell Peppers, Olives, Onions, Mushrooms, Cheese",Veggie Supreme Pizza
319,319,pepperoni_m,1,23/02/2015,14:31:50,14.0,14.0,M,Classic,"Pepperoni, Cheese",Pepperoni Pizza
320,320,five_cheese_l,5,03/01/2015,12:14:28,18.5,92.5,L,Veggie,"Mozzarella, Provolone, Gouda, Romano, Blue Cheese, Garlic",The Five Cheese Pizza
321,321,five_cheese_l,3,07/02/2015,11:57:55,18.5,55.5,L,Veggie,"Mozzarella, Provolone, Gouda, Romano, Blue Cheese, Garlic",The Five Cheese Pizza
322,322,five_cheese_l,5,28/02/2015,13:39:34,18.5,92.5,L,Veggie,"Mozzarella, Provolone, Gouda, Romano, Blue Cheese, Garlic",The Five Cheese Pizza
323,323,classic_dlx_m,3,27/01/2015,22:09:59,16.0,48.0,M,Classic,"Pepperoni, Mushrooms, Red Onions, Red Peppers, Bacon",The Classic Deluxe Pizza
324,324,pepperoni_m,5,27/01/2015,20:43:30,14.0,70.0,M,Classic,"Pepperoni, Cheese",Pepperoni Pizza
325,325,five_cheese_l,2,19/02/2015,19:06:17,18.5,37.0,L,Veggie,"Mozzarella, Provolone, Gouda, Romano, Blue Cheese, Garlic",The Five Cheese Pizza
326,326,pepperoni_m,5,16/01/2015,11:40:43,14.0,70.0,M,Classic,"Pepperoni, Cheese",Pepperoni Pizza
327,327,five_cheese_l,5,17/02/2015,12:19:15,18.5,92.5,L,Veggie,"Mozzarella, Provolone, Gouda, Romano, Blue Cheese, Garlic",The Five Cheese Pizza
328,328,bbq_ckn_l,4,28/03/2015,13:53:50,17.0,68.0,L,Meat,"Chicken, BBQ Sauce, Red Onions, Cheese",BBQ Chicken Pizza
329,329,hawaiian_m,4,04/03/2015,20:49:11,13.25,53.0,M,Classic,"Sliced Ham, Pineapple, Mozzarella Cheese",The Hawaiian Pizza
330,330,veggie_supreme_l,4,19/03/2015,11:02:57,15.5,62.0,L,Veggie,"Bell Peppers, Olives, Onions, Mushrooms, Cheese",Veggie Supreme Pizza
331,331,margherita_s,3,04/03/2015,18:34:05,10.0,30.0,S,Veggie,"Tomato Sauce, Mozzarella, Basil",The Margherita Pizza
332,332,pepperoni_m,2,14/03/2015,21:44:33,14.0,28.0,M,Classic,"Pepperoni, Cheese",Pepperoni Pizza
333,333,five_cheese_l,1,13/02/2015,19:09:24,18.5,18.5,L,Veggie,"Mozzarella, Provolone, Gouda, Romano, Blue Cheese, Garlic",The Five Cheese Pizza
334,334,pepperoni_m,1,09/01/2015,13:27:59,14.0,14.0,M,Classic,"Pepperoni, Cheese",Pepperoni Pizza
335,335,five_cheese_l,1,08/01/2015,13:29:00,18.5,18.5,L,Veggie,"Mozzarella, Provolone, Gouda, Romano, Blue Cheese, Garlic",The Five Cheese Pizza
336,336,veggie_supreme_l,2,24/02/2015,10:06:06,15.5,31.0,L,Veggie,"Bell Peppers, Olives, Onions, Mushrooms, Cheese",Veggie Supreme Pizza
337,337,margherita_s,4,26/02/2015,13:40:56,10.0,40.0,S,Veggie,"Tomato Sauce, Mozzarella, Basil",The Margherita Pizza
338,338,classic_dlx_m,4,07/01/2015,15:30:06,16.0,64.0,M,Classic,"Pepperoni, Mushrooms, Red Onions, Red Peppers, Bacon",The Classic Deluxe Pizza
339,339,pepperoni_m,1,10/02/2015,10:25:42,14.0,14.0,M,Classic,"Pepperoni, Cheese",Pepperoni Pizza
340,340,classic_dlx_m,4,21/02/2015,12:59:07,16.0,64.0,M,Classic,"Pepperoni, Mushrooms, Red Onions, Red Peppers, Bacon",The Classic Deluxe Pizza
341,341,pepperoni_m,2,20/03/2015,10:49:27,14.0,28.0,M,Classic,"Pepperoni, Cheese",Pepperoni Pizza
342,342,five_cheese_l,1,25/01/2015,15:58:25,18.5,18.5,L,Veggie,"Mozzarella, Provolone, Gouda, Romano, Blue Cheese, Garlic",The Five Cheese Pizza
343,343,classic_dlx_m,3,20/02/2015,20:39:41,16.0,48.0,M,Classic,"Pepperoni, Mushrooms, Red Onions, Red Peppers, Bacon",The Classic Deluxe Pizza
344,344,margherita_s,2,21/03/2015,21:06:55,10.0,20.0,S,Veggie,"Tomato Sauce, Mozzarella, Basil",The Margherita Pizza
345,345,five_cheese_l,2,10/02/2015,13:17:03,18.5,37.0,L,Veggie,"Mozzarella, Provolone, Gouda, Romano, Blue Cheese, Garlic",The Five Cheese Pizza
346,346,hawaiian_m,5,09/01/2015,11:49:10,13.25,66.25,M,Classic,"Sliced Ham, Pineapple, Mozzarella Cheese",The Hawaiian Pizza
347,347,bbq_ckn_l,3,10/02/2015,10:21:26,17.0,51.0,L,Meat,"Chicken, BBQ Sauce, Red Onions, Cheese",BBQ Chicken Pizza
348,348,five_cheese_l,1,25/03/2015,10:30:04,18.5,18.5,L,Veggie,"Mozzarella, Provolone, Gouda, Romano, Blue Cheese, Garlic",The Five Cheese Pizza
349,349,five_cheese_l,1,13/03/2015,12:02:04,18.5,18.5,L,Veggie,"Mozzarella, Provolone, Gouda, Romano, Blue Cheese, Garlic",The Five Cheese Pizza
350,350,margherita_s,3,20/02/2015,17:43:01,10.0,30.0,S,Veggie,"Tomato Sauce, Mozzarella, Basil",The Margherita Pizza
351,351,veggie_supreme_l,3,09/01/2015,12:15:40,15.5,46.5,L,Veggie,"Bell Peppers, Olives, Onions, Mushrooms, Cheese",Veggie Supreme Pizza
352,352,margherita_s,4,23/01/2015,15:40:18,10.0,40.0,S,Veggie,"Tomato Sauce, Mozzarella, Basil",The Margherita Pizza
353,353,veggie_supreme_l,4,20/01/2015,18:14:13,15.5,62.0,L,Veggie,"Bell Peppers, Olives, Onions, Mushrooms, Cheese",Veggie Supreme Pizza
354,354,veggie_supreme_l,1,24/03/2015,18:55:48,15.5,15.5,L,Veggie,"Bell Peppers, Olives, Onions, Mushrooms, Cheese",Veggie Supreme Pizza
355,355,bbq_ckn_l,4,14/02/2015,19:04:37,17.0,68.0,L,Meat,"Chicken, BBQ Sauce, Red Onions, Cheese",BBQ Chicken Pizza
356,356,bbq_ckn_l,3,21/01/2015,11:49:37,17.0,51.0,L,Meat,"Chicken, BBQ Sauce, Red Onions, Cheese",BBQ Chicken Pizza
357,357,margherita_s,3,08/01/2015,19:39:07,10.0,30.0,S,Veggie,"Tomato Sauce, Mozzarella, Basil",The Margherita Pizza
358,358,hawaiian_m,3,06/01/2015,21:10:49,13.25,39.75,M,Classic,"Sliced Ham, Pineapple, Mozzarella Cheese",The Hawaiian Pizza
359,359,hawaiian_m,3,27/03/2015,15:46:06,13.25,39.75,M,Classic,"Sliced Ham, Pineapple, Mozzarella Cheese",The Hawaiian Pizza
360,360,bbq_ckn_l,2,08/03/2015,16:02:35,17.0,34.0,L,Meat,"Chicken, BBQ Sauce, Red Onions, Cheese",BBQ Chicken Pizza
361,361,hawaiian_m,4,30/01/2015,16:01:58,13.25,53.0,M,Classic,"Sliced Ham, Pineapple, Mozzarella Cheese",The Hawaiian Pizza
362,362,classic_dlx_m,2,17/03/2015,17:06:33,16.0,32.0,M,Classic,"Pepperoni, Mushrooms, Red Onions, Red Peppers, Bacon",The Classic Deluxe Pizza
363,363,hawaiian_m,5,17/03/2015,20:07:12,13.25,66.25,M,Classic,"Sliced Ham, Pineapple, Mozzarella Cheese",The Hawaiian Pizza
364,364,bbq_ckn_l,5,07/03/2015,18:21:05,17.0,85.0,L,Meat,"Chicken, BBQ Sauce, Red Onions, Cheese",BBQ Chicken Pizza
365,365,five_cheese_l,5,06/03/2015,16:44:37,18.5,92.5,L,Veggie,"Mozzarella, Provolone, Gouda, Romano, Blue Cheese, Garlic",The Five Cheese Pizza
366,366,veggie_supreme_l,5,23/03/2015,20:22:55,15.5,77.5,L,Veggie,"Bell Peppers, Olives, Onions, Mushrooms, Cheese",Veggie Supreme Pizza
367,367,veggie_supreme_l,4,15/01/2015,12:02:54,15.5,62.0,L,Veggie,"Bell Peppers, Olives, Onions, Mushrooms, Cheese",Veggie Supreme Pizza
368,368,bbq_ckn_l,4,11/02/2015,15:53:17,17.0,68.0,L,Meat,"Chicken, BBQ Sauce, Red Onions, Cheese",BBQ Chicken Pizza
369,369,bbq_ckn_l,2,25/02/2015,13:06:06,17.0,34.0,L,Meat,"Chicken, BBQ Sauce, Red Onions, Cheese",BBQ Chicken Pizza
370,370,bbq_ckn_l,4,02/02/2015,15:12:50,17.0,68.0,L,Meat,"Chicken, BBQ Sauce, Red Onions, Cheese",BBQ Chicken Pizza
371,371,five_cheese_l,2,17/03/2015,22:29:25,18.5,37.0,L,Veggie,"Mozzarella, Provolone, Gouda, Romano, Blue Cheese, Garlic",The Five Cheese Pizza
372,372,five_cheese_l,2,07/02/2015,14:29:40,18.5,37.0,L,Veggie,"Mozzarella, Provolone, Gouda, Romano, Blue Cheese, Garlic",The Five Cheese Pizza
373,373,bbq_ckn_l,2,02/02/2015,13:38:33,17.0,34.0,L,Meat,"Chicken, BBQ Sauce, Red Onions, Cheese",BBQ Chicken Pizza
374,374,bbq_ckn_l,5,07/01/2015,18:58:00,17.0,85.0,L,Meat,"Chicken, BBQ Sauce, Red Onions, Cheese",BBQ Chicken Pizza
375,375,classic_dlx_m,2,02/01/2015,14:15:30,16.0,32.0,M,Classic,"Pepperoni, Mushrooms, Red Onions, Red Peppers, Bacon",The Classic Deluxe Pizza
376,376,hawaiian_m,1,06/01/2015,12:05:17,13.25,13.25,M,Classic,"Sliced Ham, Pineapple, Mozzarella Cheese",The Hawaiian Pizza
377,377,five_cheese_l,1,21/01/2015,22:53:50,18.5,18.5,L,Veggie,"Mozzarella, Provolone, Gouda, Romano, Blue Cheese, Garlic",The Five Cheese Pizza
378,378,pepperoni_m,2,28/02/2015,11:09:46,14.0,28.0,M,Classic,"Pepperoni, Cheese",Pepperoni Pizza
379,379,margherita_s,1,09/03/2015,10:21:03,10.0,10.0,S,Veggie,"Tomato Sauce, Mozzarella, Basil",The Margherita Pizza
380,380,veggie_supreme_l,2,05/03/2015,20:04:13,15.5,31.0,L,Veggie,"Bell Peppers, Olives, Onions, Mushrooms, Cheese",Veggie Supreme Pizza
381,381,hawaiian_m,3,12/01/2015,22:33:44,13.25,39.75,M,Classic,"Sliced Ham, Pineapple, Mozzarella Cheese",The Hawaiian Pizza
382,382,bbq_ckn_l,4,05/01/2015,21:55:29,17.0,68.0,L,Meat,"Chicken, BBQ Sauce, Red Onions, Cheese",BBQ Chicken Pizza
383,383,five_cheese_l,3,10/01/2015,12:05:03,18.5,55.5,L,Veggie,"Mozzarella, Provolone, Gouda, Romano, Blue Cheese, Garlic",The Five Cheese Pizza
384,384,bbq_ckn_l,5,14/03/2015,19:45:15,17.0,85.0,L,Meat,"Chicken, BBQ Sauce, Red Onions, Cheese",BBQ Chicken Pizza
385,385,hawaiian_m,5,03/03/2015,19:27:56,13.25,66.25,M,Classic,"Sliced Ham, Pineapple, Mozzarella Cheese",The Hawaiian Pizza
386,386,pepperoni_m,5,31/03/2015,13:26:50,14.0,70.0,M,Classic,"Pepperoni, Cheese",Pepperoni Pizza
387,387,five_cheese_l,1,24/03/2015,14:23:49,18.5,18.5,L,Veggie,"Mozzarella, Provolone, Gouda, Romano, Blue Cheese, Garlic",The Five Cheese Pizza
388,388,classic_dlx_m,1,17/01/2015,19:47:37,16.0,16.0,M,Classic,"Pepperoni, Mushrooms, Red Onions, Red Peppers, Bacon",The Classic Deluxe Pizza
389,389,five_cheese_l,4,08/02/2015,20:27:02,18.5,74.0,L,Veggie,"Mozzarella, Provolone, Gouda, Romano, Blue Cheese, Garlic",The Five Cheese Pizza
390,390,margherita_s,4,30/03/2015,20:52:33,10.0,40.0,S,Veggie,"Tomato Sauce, Mozzarella, Basil",The Margherita Pizza
391,391,bbq_ckn_l,5,07/03/2015,17:48:03,17.0,85.0,L,Meat,"Chicken, BBQ Sauce, Red Onions, Cheese",BBQ Chicken Pizza
392,392,hawaiian_m,5,29/03/2015,11:40:10,13.25,66.25,M,Classic,"Sliced Ham, Pineapple, Mozzarella Cheese",The Hawaiian Pizza
393,393,five_cheese_l,1,11/02/2015,18:10:37,18.5,18.5,L,Veggie,"Mozzarella, Provolone, Gouda, Romano, Blue Cheese, Garlic",The Five Cheese Pizza
394,394,classic_dlx_m,5,22/03/2015,15:17:14,16.0,80.0,M,Classic,"Pepperoni, Mushrooms, Red Onions, Red Peppers, Bacon",The Classic Deluxe Pizza
395,395,classic_dlx_m,3,27/03/2015,20:19:44,16.0,48.0,M,Classic,"Pepperoni, Mushrooms, Red Onions, Red Peppers, Bacon",The Classic Deluxe Pizza
396,396,margherita_s,5,10/01/2015,12:26:22,10.0,50.0,S,Veggie,"Tomato Sauce, Mozzarella, Basil",The Margherita Pizza
397,397,classic_dlx_m,4,26/01/2015,18:00:35,16.0,64.0,M,Classic,"Pepperoni, Mushrooms, Red Onions, Red Peppers, Bacon",The Classic Deluxe Pizza
398,398,bbq_ckn_l,1,10/01/2015,12:26:23,17.0,17.0,L,Meat,"Chicken, BBQ Sauce, Red Onions, Cheese",BBQ Chicken Pizza
399,399,bbq_ckn_l,1,24/02/2015,11:13:58,17.0,17.0,L,Meat,"Chicken, BBQ Sauce, Red Onions, Cheese",BBQ Chicken Pizza
400,400,five_cheese_l,1,17/01/2015,15:25:49,18.5,18.5,L,Veggie,"Mozzarella, Provolone, Gouda, Romano, Blue Cheese, Garlic",The Five Cheese Pizza
401,401,hawaiian_m,1,17/03/2015,15:05:11,13.25,13.25,M,Classic,"Sliced Ham, Pineapple, Mozzarella Cheese",The Hawaiian Pizza
402,402,pepperoni_m,1,23/03/2015,14:19:38,14.0,14.0,M,Classic,"Pepperoni, Cheese",Pepperoni Pizza
403,403,hawaiian_m,2,31/01/2015,14:52:28,13.25,26.5,M,Classic,"Sliced Ham, Pineapple, Mozzarella Cheese",The Hawaiian Pizza
404,404,margherita_s,1,06/02/2015,18:59:04,10.0,10.0,S,Veggie,"Tomato Sauce, Mozzarella, Basil",The Margherita Pizza
405,405,bbq_ckn_l,3,12/03/2015,22:51:27,17.0,51.0,L,Meat,"Chicken, BBQ Sauce, Red Onions, Cheese",BBQ Chicken Pizza
406,406,classic_dlx_m,3,27/01/2015,12:30:42,16.0,48.0,M,Classic,"Pepperoni, Mushrooms, Red Onions, Red Peppers, Bacon",The Classic Deluxe Pizza
407,407,five_cheese_l,2,17/02/2015,14:14:38,18.5,37.0,L,Veggie,"Mozzarella, Provolone, Gouda, Romano, Blue Cheese, Garlic",The Five Cheese Pizza
408,408,veggie_supreme_l,4,11/03/2015,16:25:50,15.5,62.0,L,Veggie,"Bell Peppers, Olives, Onions, Mushrooms, Cheese",Veggie Supreme Pizza
409,409,veggie_supreme_l,3,21/03/2015,13:04:45,15.5,46.5,L,Veggie,"Bell Peppers, Olives, Onions, Mushrooms, Cheese",Veggie Supreme Pizza
410,410,bbq_ckn_l,3,23/03/2015,20:07:43,17.0,51.0,L,Meat,"Chicken, BBQ Sauce, Red Onions, Cheese",BBQ Chicken Pizza
411,411,hawaiian_m,5,04/01/2015,22:48:13,13.25,66.25,M,Classic,"Sliced Ham, Pineapple, Mozzarella Cheese",The Hawaiian Pizza
412,412,veggie_supreme_l,1,14/02/2015,22:30:09,15.5,15.5,L,Veggie,"Bell Peppers, Olives, Onions, Mushrooms, Cheese",Veggie Supreme Pizza
413,413,margherita_s,5,18/03/2015,18:23:17,10.0,50.0,S,Veggie,"Tomato Sauce, Mozzarella, Basil",The Margherita Pizza
414,414,bbq_ckn_l,5,03/03/2015,13:19:16,17.0,85.0,L,Meat,"Chicken, BBQ Sauce, Red Onions, Cheese",BBQ Chicken Pizza
415,415,hawaiian_m,5,31/01/2015,22:37:21,13.25,66.25,M,Classic,"Sliced Ham, Pineapple, Mozzarella Cheese",The Hawaiian Pizza
416,416,hawaiian_m,2,09/02/2015,13:31:15,13.25,26.5,M,Classic,"Sliced Ham, Pineapple, Mozzarella Cheese",The Hawaiian Pizza
417,417,classic_dlx_m,4,06/03/2015,19:01:52,16.0,64.0,M,Classic,"Pepperoni, Mushrooms, Red Onions, Red Peppers, Bacon",The Classic Deluxe Pizza
418,418,five_cheese_l,2,21/01/2015,19:26:34,18.5,37.0,L,Veggie,"Mozzarella, Provolone, Gouda, Romano, Blue Cheese, Garlic",The Five Cheese Pizza
419,419,classic_dlx_m,4,19/03/2015,21:59:09,16.0,64.0,M,Classic,"Pepperoni, Mushrooms, Red Onions, Red Peppers, Bacon",The Classic Deluxe Pizza
420,420,bbq_ckn_l,1,07/03/2015,11:16:31,17.0,17.0,L,Meat,"Chicken, BBQ Sauce, Red Onions, Cheese",BBQ Chicken Pizza
421,421,margherita_s,5,03/03/2015,12:52:53,10.0,50.0,S,Veggie,"Tomato Sauce, Mozzarella, Basil",The Margherita Pizza
422,422,bbq_ckn_l,1,12/02/2015,11:14:32,17.0,17.0,L,Meat,"Chicken, BBQ Sauce, Red Onions, Cheese",BBQ Chicken Pizza
423,423,hawaiian_m,3,21/01/2015,18:52:53,13.25,39.75,M,Classic,"Sliced Ham, Pineapple, Mozzarella Cheese",The Hawaiian Pizza
424,424,classic_dlx_m,1,09/03/2015,18:03:16,16.0,16.0,M,Classic,"Pepperoni, Mushrooms, Red Onions, Red Peppers, Bacon",The Classic Deluxe Pizza
425,425,pepperoni_m,3,24/01/2015,22:09:13,14.0,42.0,M,Classic,"Pepperoni, Cheese",Pepperoni Pizza
426,426,veggie_supreme_l,4,10/01/2015,18:06:39,15.5,62.0,L,Veggie,"Bell Peppers, Olives, Onions, Mushrooms, Cheese",Veggie Supreme Pizza
427,427,veggie_supreme_l,1,08/03/2015,18:12:52,15.5,15.5,L,Veggie,"Bell Peppers, Olives, Onions, Mushrooms, Cheese",Veggie Supreme Pizza
428,428,five_cheese_l,3,15/01/2015,19:20:00,18.5,55.5,L,Veggie,"Mozzarella, Provolone, Gouda, Romano, Blue Cheese, Garlic",The Five Cheese Pizza
429,429,five_cheese_l,4,01/02/2015,20:53:40,18.5,74.0,L,Veggie,"Mozzarella, Provolone, Gouda, Romano, Blue Cheese, Garlic",The Five Cheese Pizza
430,430,classic_dlx_m,4,15/02/2015,18:52:41,16.0,64.0,M,Classic,"Pepperoni, Mushrooms, Red Onions, Red Peppers, Bacon",The Classic Deluxe Pizza
431,431,bbq_ckn_l,4,29/03/2015,15:26:58,17.0,68.0,L,Meat,"Chicken, BBQ Sauce, Red Onions, Cheese",BBQ Chicken Pizza
432,432,veggie_supreme_l,1,20/01/2015,19:16:11,15.5,15.5,L,Veggie,"Bell Peppers, Olives, Onions, Mushrooms, Cheese",Veggie Supreme Pizza
433,433,hawaiian_m,2,07/01/2015,22:58:41,13.25,26.5,M,Classic,"Sliced Ham, Pineapple, Mozzarella Cheese",The Hawaiian Pizza
434,434,veggie_supreme_l,4,21/01/2015,22:18:41,15.5,62.0,L,Veggie,"Bell Peppers, Olives, Onions, Mushrooms, Cheese",Veggie Supreme Pizza
435,435,veggie_supreme_l,4,09/01/2015,15:13:09,15.5,62.0,L,Veggie,"Bell Peppers, Olives, Onions, Mushrooms, Cheese",Veggie Supreme Pizza
436,436,veggie_supreme_l,5,16/02/2015,17:55:54,15.5,77.5,L,Veggie,"Bell Peppers, Olives, Onions, Mushrooms, Cheese",Veggie Supreme Pizza
437,437,classic_dlx_m,4,24/03/2015,22:36:52,16.0,64.0,M,Classic,"Pepperoni, Mushrooms, Red Onions, Red Peppers, Bacon",The Classic Deluxe Pizza
438,438,pepperoni_m,3,24/03/2015,22:24:55,14.0,42.0,M,Classic,"Pepperoni, Cheese",Pepperoni Pizza
439,439,five_cheese_l,4,30/03/2015,20:06:49,18.5,74.0,L,Veggie,"Mozzarella, Provolone, Gouda, Romano, Blue Cheese, Garlic",The Five Cheese Pizza
440,440,hawaiian_m,5,25/03/2015,20:10:32,13.25,66.25,M,Classic,"Sliced Ham, Pineapple, Mozzarella Cheese",The Hawaiian Pizza
441,441,veggie_supreme_l,1,28/02/2015,12:31:13,15.5,15.5,L,Veggie,"Bell Peppers, Olives, Onions, Mushrooms, Cheese",Veggie Supreme Pizza
442,442,veggie_supreme_l,2,25/02/2015,21:51:25,15.5,31.0,L,Veggie,"Bell Peppers, Olives, Onions, Mushrooms, Cheese",Veggie Supreme Pizza
443,443,classic_dlx_m,4,08/02/2015,13:43:18,16.0,64.0,M,Classic,"Pepperoni, Mushrooms, Red Onions, Red Peppers, Bacon",The Classic Deluxe Pizza
444,444,hawaiian_m,1,21/02/2015,10:53:40,13.25,13.25,M,Classic,"Sliced Ham, Pineapple, Mozzarella Cheese",The Hawaiian Pizza
445,445,hawaiian_m,1,27/01/2015,12:08:44,13.25,13.25,M,Classic,"Sliced Ham, Pineapple, Mozzarella Cheese",The Hawaiian Pizza
446,446,five_cheese_l,2,27/02/2015,19:08:45,18.5,37.0,L,Veggie,"Mozzarella, Provolone, Gouda, Romano, Blue Cheese, Garlic",The Five Cheese Pizza
447,447,pepperoni_m,5,26/03/2015,19:53:18,14.0,70.0,M,Classic,"Pepperoni, Cheese",Pepperoni Pizza
448,448,five_cheese_l,4,16/01/2015,22:23:43,18.5,74.0,L,Veggie,"Mozzarella, Provolone, Gouda, Romano, Blue Cheese, Garlic",The Five Cheese Pizza
449,449,hawaiian_m,1,10/03/2015,22:07:30,13.25,13.25,M,Classic,"Sliced Ham, Pineapple, Mozzarella Cheese",The Hawaiian Pizza
450,450,hawaiian_m,1,24/03/2015,13:39:27,13.25,13.25,M,Classic,"Sliced Ham, Pineapple, Mozzarella Cheese",The Hawaiian Pizza
451,451,five_cheese_l,1,16/03/2015,13:06:45,18.5,18.5,L,Veggie,"Mozzarella, Provolone, Gouda, Romano, Blue Cheese, Garlic",The Five Cheese Pizza
452,452,margherita_s,1,10/01/2015,19:02:45,10.0,10.0,S,Veggie,"Tomato Sauce, Mozzarella, Basil",The Margherita Pizza
453,453,five_cheese_l,2,08/01/2015,12:28:50,18.5,37.0,L,Veggie,"Mozzarella, Provolone, Gouda, Romano, Blue Cheese, Garlic",The Five Cheese Pizza
454,454,hawaiian_m,2,22/03/2015,18:08:51,13.25,26.5,M,Classic,"Sliced Ham, Pineapple, Mozzarella Cheese",The Hawaiian Pizza
455,455,bbq_ckn_l,2,20/02/2015,21:05:00,17.0,34.0,L,Meat,"Chicken, BBQ Sauce, Red Onions, Cheese",BBQ Chicken Pizza
456,456,classic_dlx_m,3,23/01/2015,17:44:15,16.0,48.0,M,Classic,"Pepperoni, Mushrooms, Red Onions, Red Peppers, Bacon",The Classic Deluxe Pizza
457,457,veggie_supreme_l,1,23/02/2015,21:51:05,15.5,15.5,L,Veggie,"Bell Peppers, Olives, Onions, Mushrooms, Cheese",Veggie Supreme Pizza
458,458,classic_dlx_m,4,25/03/2015,17:23:45,16.0,64.0,M,Classic,"Pepperoni, Mushrooms, Red Onions, Red Peppers, Bacon",The Classic Deluxe Pizza
459,459,classic_dlx_m,5,19/02/2015,14:15:09,16.0,80.0,M,Classic,"Pepperoni, Mushrooms, Red Onions, Red Peppers, Bacon",The Classic Deluxe Pizza
460,460,bbq_ckn_l,4,17/01/2015,12:43:41,17.0,68.0,L,Meat,"Chicken, BBQ Sauce, Red Onions, Cheese",BBQ Chicken Pizza
461,461,pepperoni_m,4,17/03/2015,16:02:04,14.0,56.0,M,Classic,"Pepperoni, Cheese",Pepperoni Pizza
462,462,classic_dlx_m,2,23/03/2015,20:54:11,16.0,32.0,M,Classic,"Pepperoni, Mushrooms, Red Onions, Red Peppers, Bacon",The Classic Deluxe Pizza
463,463,margherita_s,5,11/02/2015,17:07:50,10.0,50.0,S,Veggie,"Tomato Sauce, Mozzarella, Basil",The Margherita Pizza
464,464,hawaiian_m,2,10/03/2015,12:44:20,13.25,26.5,M,Classic,"Sliced Ham, Pineapple, Mozzarella Cheese",The Hawaiian Pizza
465,465,bbq_ckn_l,2,28/02/2015,16:09:49,17.0,34.0,L,Meat,"Chicken, BBQ Sauce, Red Onions, Cheese",BBQ Chicken Pizza
466,466,classic_dlx_m,4,27/03/2015,18:28:09,16.0,64.0,M,Classic,"Pepperoni, Mushrooms, Red Onions, Red Peppers, Bacon",The Classic Deluxe Pizza
467,467,pepperoni_m,5,10/03/2015,16:33:14,14.0,70.0,M,Classic,"Pepperoni, Cheese",Pepperoni Pizza
468,468,veggie_supreme_l,5,03/01/2015,22:30:20,15.5,77.5,L,Veggie,"Bell Peppers, Olives, Onions, Mushrooms, Cheese",Veggie Supreme Pizza
469,469,bbq_ckn_l,4,04/02/2015,10:54:07,17.0,68.0,L,Meat,"Chicken, BBQ Sauce, Red Onions, Cheese",BBQ Chicken Pizza
470,470,bbq_ckn_l,3,09/02/2015,13:44:29,17.0,51.0,L,Meat,"Chicken, BBQ Sauce, Red Onions, Cheese",BBQ Chicken Pizza
471,471,five_cheese_l,4,08/02/2015,18:15:57,18.5,74.0,L,Veggie,"Mozzarella, Provolone, Gouda, Romano, Blue Cheese, Garlic",The Five Cheese Pizza
472,472,veggie_supreme_l,2,12/02/2015,19:55:35,15.5,31.0,L,Veggie,"Bell Peppers, Olives, Onions, Mushrooms, Cheese",Veggie Supreme Pizza
473,473,veggie_supreme_l,5,07/03/2015,14:47:35,15.5,77.5,L,Veggie,"Bell Peppers, Olives, Onions, Mushrooms, Cheese",Veggie Supreme Pizza
474,474,five_cheese_l,3,01/02/2015,12:44:28,18.5,55.5,L,Veggie,"Mozzarella, Provolone, Gouda, Romano, Blue Cheese, Garlic",The Five Cheese Pizza
475,475,classic_dlx_m,2,17/01/2015,17:06:07,16.0,32.0,M,Classic,"Pepperoni, Mushrooms, Red Onions, Red Peppers, Bacon",The Classic Deluxe Pizza
476,476,five_cheese_l,3,20/03/2015,11:17:37,18.5,55.5,L,Veggie,"Mozzarella, Provolone, Gouda, Romano, Blue Cheese, Garlic",The Five Cheese Pizza
477,477,hawaiian_m,1,17/01/2015,11:40:20,13.25,13.25,M,Classic,"Sliced Ham, Pineapple, Mozzarella Cheese",The Hawaiian Pizza
478,478,classic_dlx_m,5,25/02/2015,11:58:42,16.0,80.0,M,Classic,"Pepperoni, Mushrooms, Red Onions, Red Peppers, Bacon",The Classic Deluxe Pizza
479,479,veggie_supreme_l,1,01/03/2015,16:07:33,15.5,15.5,L,Veggie,"Bell Peppers, Olives, Onions, Mushrooms, Cheese",Veggie Supreme Pizza
480,480,margherita_s,1,07/03/2015,16:13:15,10.0,10.0,S,Veggie,"Tomato Sauce, Mozzarella, Basil",The Margherita Pizza
481,481,pepperoni_m,2,04/03/2015,16:46:52,14.0,28.0,M,Classic,"Pepperoni, Cheese",Pepperoni Pizza
482,482,hawaiian_m,3,09/02/2015,16:07:25,13.25,39.75,M,Classic,"Sliced Ham, Pineapple, Mozzarella Cheese",The Hawaiian Pizza
483,483,classic_dlx_m,4,05/03/2015,10:58:30,16.0,64.0,M,Classic,"Pepperoni, Mushrooms, Red Onions, Red Peppers, Bacon",The Classic Deluxe Pizza
484,484,veggie_supreme_l,4,30/03/2015,21:46:38,15.5,62.0,L,Veggie,"Bell Peppers, Olives, Onions, Mushrooms, Cheese",Veggie Supreme Pizza
485,485,margherita_s,5,15/03/2015,21:01:48,10.0,50.0,S,Veggie,"Tomato Sauce, Mozzarella, Basil",The Margherita Pizza
486,486,classic_dlx_m,3,24/01/2015,22:23:37,16.0,48.0,M,Classic,"Pepperoni, Mushrooms, Red Onions, Red Peppers, Bacon",The Classic Deluxe Pizza
487,487,pepperoni_m,2,04/03/2015,14:31:00,14.0,28.0,M,Classic,"Pepperoni, Cheese",Pepperoni Pizza
488,488,five_cheese_l,3,06/02/2015,12:48:30,18.5,55.5,L,Veggie,"Mozzarella, Provolone, Gouda, Romano, Blue Cheese, Garlic",The Five Cheese Pizza
489,489,margherita_s,1,21/02/2015,14:59:08,10.0,10.0,S,Veggie,"Tomato Sauce, Mozzarella, Basil",The Margherita Pizza
490,490,bbq_ckn_l,2,23/03/2015,21:47:16,17.0,34.0,L,Meat,"Chicken, BBQ Sauce, Red Onions, Cheese",BBQ Chicken Pizza
491,491,hawaiian_m,4,08/01/2015,12:27:12,13.25,53.0,M,Classic,"Sliced Ham, Pineapple, Mozzarella Cheese",The Hawaiian Pizza
492,492,bbq_ckn_l,5,17/03/2015,14:01:51,17.0,85.0,L,Meat,"Chicken, BBQ Sauce, Red Onions, Cheese",BBQ Chicken Pizza
493,493,classic_dlx_m,3,29/01/2015,13:24:47,16.0,48.0,M,Classic,"Pepperoni, Mushrooms, Red Onions, Red Peppers, Bacon",The Classic Deluxe Pizza
494,494,classic_dlx_m,4,02/01/2015,15:21:24,16.0,64.0,M,Classic,"Pepperoni, Mushrooms, Red Onions, Red Peppers, Bacon",The Classic Deluxe Pizza
495,495,veggie_supreme_l,3,18/03/2015,19:09:48,15.5,46.5,L,Veggie,"Bell Peppers, Olives, Onions, Mushrooms, Cheese",Veggie Supreme Pizza
496,496,veggie_supreme_l,4,10/01/2015,18:53:03,15.5,62.0,L,Veggie,"Bell Peppers, Olives, Onions, Mushrooms, Cheese",Veggie Supreme Pizza
497,497,hawaiian_m,1,20/03/2015,18:18:46,13.25,13.25,M,Classic,"Sliced Ham, Pineapple, Mozzarella Cheese",The Hawaiian Pizza
498,498,pepperoni_m,3,01/04/2015,16:01:35,14.0,42.0,M,Classic,"Pepperoni, Cheese",Pepperoni Pizza
499,499,veggie_supreme_l,1,04/02/2015,17:44:17,15.5,15.5,L,Veggie,"Bell Peppers, Olives, Onions, Mushrooms, Cheese",Veggie Supreme Pizza
500,500,classic_dlx_m,3,11/01/2015,15:37:31,16.0,48.0,M,Classic,"Pepperoni, Mushrooms, Red Onions, Red Peppers, Bacon",The Classic Deluxe Pizza
